id,tipo,nome,piva,ateco,dimensione,sede_citta,sede_regione,paese,sito_web,email,n_segnali
AZIENDA-337279eddc,azienda,'CTM S.R.L.',06860561213,,,,,IT,,,4
AZIENDA-4b457b4897,azienda,'TECNOLAT' - S.P.A. -,02790120659,,,,,IT,,,6
AZIENDA-9305584b88,azienda,0.3 S.R.L.,05185400875,,,,,IT,,,4
AZIENDA-8c4d4223c5,azienda,3 M S.R.L.,02218960611,,,Roma,Lazio,IT,,,6
AZIENDA-2424d76950,azienda,3DNA S.R.L.,08089521218,,,,,IT,,,5
AZIENDA-f6aa136c8e,azienda,A.R.S. TECH SRL,02088620683,,,,,IT,,,6
AZIENDA-b4b1da8339,azienda,A.ST.I.M. SRL,02262900398,,,,,IT,,,5
AZIENDA-d6ee64f41a,azienda,ABINTRAX S.R.L.,07644780723,,,,,IT,,,5
OA-ORG-025a62e5b58967d1,azienda,ACTYGEA SRL,,,,,,IT,http://www.actygea.com,,2
AZIENDA-1764a3e060,azienda,ADAMO IDROCARBURI S.R.L.,05535580822,,,,,IT,,,4
AZIENDA-1b2fa7e66c,azienda,AGATON SRL,02680750649,,,,,IT,,,5
AZIENDA-4e8504c93f,azienda,AGENZIA DELLE ENTRATE,06363391001,,,Catanzaro,Calabria,IT,,,14
AZIENDA-b10169c53c,azienda,AGENZIA NAZIONALE PER L'ATTRAZIONE DEGLI INVESTIMENTI E LO SVILUPPO D'IMPRESA S.P.A. - INVITALIA,05678721001,,,Roma,Lazio,IT,,,14
AZIENDA-1b008e3f37,azienda,AGENZIA NAZIONALE PER LE POLITICHE ATTIVE DEL LAVORO - ANPAL,97889240582,,,,,IT,,,6
AZIENDA-58652eb899,azienda,AGENZIA PER LA COESIONE TERRITORIALE,97828370581,,,Roma,Lazio,IT,,,14
AZIENDA-50a111120b,azienda,AL.MA. S.R.L.,02752570644,,,,,IT,,,5
AZIENDA-9cb7928eb4,azienda,ALICINO NICOLA,*CODICE FISCALE*,,,,,IT,,,5
AZIENDA-b9b3f4a4a5,azienda,ALTA EDILIZIA S.R.L.,05175970721,,,,,IT,,,4
AZIENDA-1bf3cb851d,azienda,AMMINISTRAZIONE REGIONALE - REGIONE CALABRIA,,,,,,IT,,,16
AZIENDA-98ac82a45f,azienda,ANAS - SOCIETA' PER AZIONI,80208450587,,,,,IT,,,9
AZIENDA-0870312b79,azienda,ANTONIOLLI S.R.L.,01100850930,,,,,IT,,,5
AZIENDA-ef8ca23d6a,azienda,ANTORA' S.R.L.,04820160879,,,,,IT,,,4
AZIENDA-721e5fbc82,azienda,ARCHEO&RESTAURI S.R.L.,06696531216,,,,,IT,,,6
AZIENDA-3692fd1f40,azienda,ARTI GRAFICHE FAVIA S.R.L.,06392350721,,,,,IT,,,5
AZIENDA-a36df7d553,azienda,ARTI GRAFICHE PACIOTTI S.R.L.,03441390543,,,,,IT,,,5
AZIENDA-3c45912abf,azienda,ATELIER VACANZE S.R.L.,05275911211,,,Napoli,Campania,IT,,,5
AZIENDA-92ca72c5da,azienda,AUTOTRASPORTI MARCHESE S.R.L.,05052410650,,,,,IT,,,4
OA-ORG-0250eb6c662fe1d0,azienda,Accademia Europea di Bolzano,,,,,,IT,http://www.eurac.edu,,2
AZIENDA-6ff6d26799,azienda,BARONE GIUSEPPE,*CODICE FISCALE*,,,,,IT,,,5
AZIENDA-cf633f4b76,azienda,BARRA GIUSEPPE,*CODICE FISCALE*,,,,,IT,,,7
AZIENDA-c8a249a73f,azienda,BASILE GIOVANNI,*CODICE FISCALE*,,,,,IT,,,7
AZIENDA-54011fe8ad,azienda,BAVA S.R.L.,07690700633,,,Napoli,Campania,IT,,,6
AZIENDA-846b038a54,azienda,BIANCO GIUSEPPE,*CODICE FISCALE*,,,,,IT,,,6
AZIENDA-037a86d0f6,azienda,BISCEGLIA MATTEO,*CODICE FISCALE*,,,,,IT,,,5
OA-ORG-01c10aba86427a9b,azienda,BLUEFARM SRL,,,,,,IT,http://www.bluefarmenvironment.com,,2
OA-ORG-03aee1367dfb502a,azienda,BMR SPA,,,,,,IT,http://www.bmr.it,,2
AZIENDA-652a5671e7,azienda,BOND FACTORY SRL,01876580695,,,,,IT,,,5
AZIENDA-02fb166d3b,azienda,BONDINI S.R.L.,01996190540,,,,,IT,,,5
AZIENDA-6499cc6ee6,azienda,BRUMI S.R.L.,03275970873,,,,,IT,,,4
AZIENDA-a9e156acc3,azienda,BRUNNEN INDUSTRIE SRL,03788320244,,,,,IT,,,5
AZIENDA-a91ca02a67,azienda,C.O.S. - CENTRO ORTOPEDICO SICILIANO S.R.L.,04238770871,,,,,IT,,,4
AZIENDA-0ae735f532,azienda,CAMPANIA TRASPORTI S.R.L.,05379390635,,,,,IT,,,4
AZIENDA-853ecb748b,azienda,CANDIDO ITALY COMPANY S.R.L.,01345940884,,,Modica,Sicilia,IT,,,5
AZIENDA-d212dc0319,azienda,CANNITO GRAZIANTONIO,*CODICE FISCALE*,,,,,IT,,,5
AZIENDA-97a4f2ce60,azienda,CANTIERE MIMI' SRL,07212720630,,,,,IT,,,5
AZIENDA-6f881492fe,azienda,CAPUTO ANTONIO,*CODICE FISCALE*,,,,,IT,,,11
AZIENDA-cc7903f0bc,azienda,CARBONE DOMENICO,*CODICE FISCALE*,,,,,IT,,,6
AZIENDA-ad5b392ae2,azienda,CARISMA - S.P.A.,03406550651,,,Roma,Lazio,IT,,,5
AZIENDA-08e97c298f,azienda,CARUSO GIUSEPPE,*CODICE FISCALE*,,,,,IT,,,5
AZIENDA-3b6413d62d,azienda,CASCINA PULITA SRL,09211690012,,,,,IT,,,6
AZIENDA-6a0c56ce83,azienda,CATALANO GIUSEPPE,*CODICE FISCALE*,,,,,IT,,,6
AZIENDA-48808777a9,azienda,CATALDI SALVATORE,*CODICE FISCALE*,,,,,IT,,,5
AZIENDA-084eda3125,azienda,CATANIA SALVATORE,*CODICE FISCALE*,,,,,IT,,,5
OA-ORG-030a778c6b1047c7,azienda,CECOMP SPA,,,,,,IT,http://www.cecomp.it,,2
AZIENDA-02fd479bca,azienda,CENTRO AMAR S.R.L.,02546870813,,,,,IT,,,4
AZIENDA-286dfe7120,azienda,CENTRO ANALISI BIOCHIMICHE S.A.S. DEL DOTTOR CARMINE VENTRE,01602820803,,,Roma,Lazio,IT,,,5
AZIENDA-da4591b6b1,azienda,CERAMICHE DURAKER S.R.L.,01197860628,,,,,IT,,,4
AZIENDA-7a4c65c773,azienda,CERRATO CHIUSURE METALLICHE S.P.A.,02768800654,,,Roma,Lazio,IT,,,5
AZIENDA-b826726415,azienda,CIAVARELLA PNEUMATICI - S.R.L.,02350270712,,,Roma,Lazio,IT,,,5
AZIENDA-107cadcc99,azienda,CIEMME ALIMENTARI S.R.L.,06275620729,,,,,IT,,,5
AZIENDA-ffc48e54ea,azienda,CIRILLO S.R.L.,04541480655,,,,,IT,,,4
AZIENDA-04779244f6,azienda,CITYNEWS S.P.A.,10786801000,,,,,IT,,,7
AZIENDA-d7e601e42a,azienda,CIVITA VINCENZO,*CODICE FISCALE*,,,,,IT,,,5
OA-ORG-03ad4316b05b6113,azienda,CO-ROBOTICS SRL,,,,,,IT,http://www.corobotics.eu,,2
AZIENDA-6a9916aa9a,azienda,CO.M.MEDIA S.R.L.,03485250751,,,,,IT,,,5
AZIENDA-c0d5a65c85,azienda,COLELLA VITO,*CODICE FISCALE*,,,,,IT,,,5
AZIENDA-74d97c2a1a,azienda,COLONNA LUIGI,*CODICE FISCALE*,,,,,IT,,,5
AZIENDA-6016a213d8,azienda,COLONNA VITO,*CODICE FISCALE*,,,,,IT,,,5
AZIENDA-c9da47178e,azienda,COM.STAMP. S.R.L.,02011700644,,,,,IT,,,4
OA-ORG-0252f8332595ebbf,azienda,COMEZ GESTIONI S.p.A.,,,,,,IT,http://www.comez.com,,2
AZIENDA-f0f160f588,azienda,COMMERCIALE EXPORT S.R.L.,02314630654,,,,,IT,,,5
AZIENDA-6e3b73d6ac,azienda,COMMERCIALE S.R.L.,00667420863,,,,,IT,,,4
OA-ORG-02685f5dc78f5c3c,azienda,COMPOLAB SRL,,,,,,IT,http://www.compolab.it,,2
AZIENDA-382e8667dc,azienda,COMUNE DI FIRENZE,01307110484,,,Firenze,Toscana,IT,,,13
AZIENDA-338b638ca1,azienda,COMUNE DI NAPOLI,80014890638,,,Napoli,Campania,IT,,,17
AZIENDA-ec3f457a26,azienda,CONFALONIERI S.R.L.,01117710903,,,,,IT,,,4
AZIENDA-99aeb0d358,azienda,CONTE MICHELE,*CODICE FISCALE*,,,,,IT,,,5
AZIENDA-743b2e85b5,azienda,CONTI SRL,00698610706,,,,,IT,,,7
AZIENDA-57280e3dc3,azienda,COSTANZO GIUSEPPE,*CODICE FISCALE*,,,,,IT,,,5
AZIENDA-1eb3ab34af,azienda,COSTRUTTORI S.P.A.,08170871217,,,,,IT,,,4
AZIENDA-eb64b0e337,azienda,"COSTRUZIONI IDRAULICHE, STRADALI, AGRARIE, FORESTALI C.I.S.A.F. S.P.A.",00129470803,,,Bari,Puglia,IT,,,5
AZIENDA-782a6288e3,azienda,CTI FOODTECH S.R.L.,05874470726,,,Montecorvino Pugliano,Campania,IT,,,6
AZIENDA-62bc73d7ac,azienda,CURCIO ANTONIO,*CODICE FISCALE*,,,,,IT,,,5
OA-ORG-006f6610f203ed98,azienda,Conservatorio di Musica San Pietro a Majella,,,,,,IT,http://www.sanpietroamajella.it/index.php,,2
AZIENDA-76694c2fd7,azienda,D'ADDAZIO NOLEGGI S.R.L.,01547040681,,,,,IT,,,4
AZIENDA-aa7caa204f,azienda,D'AURIA GIUSEPPE,*CODICE FISCALE*,,,,,IT,,,6
AZIENDA-e4a4daf971,azienda,DALENA ECOLOGIA SRL,04819420722,,,Roma,Lazio,IT,,,7
AZIENDA-721e1e1c5e,azienda,DAMBRUOSO GIACOMO,*CODICE FISCALE*,,,,,IT,,,5
AZIENDA-142e14040f,azienda,DE LUCA ANTONIO,*CODICE FISCALE*,,,San Gregorio d'Ippona,Calabria,IT,,,7
AZIENDA-2cd981c70c,azienda,DE LUCA FRANCESCO,*CODICE FISCALE*,,,,,IT,,,6
AZIENDA-036dd697dc,azienda,DE LUCA GIUSEPPE,*CODICE FISCALE*,,,,,IT,,,8
AZIENDA-3e4a3d022c,azienda,DE NINIS SERRAMENTI S.R.L.,02143250690,,,,,IT,,,4
AZIENDA-1397c6debb,azienda,DE PASCALE GIOVANNI,*CODICE FISCALE*,,,,,IT,,,5
AZIENDA-7b699d7d34,azienda,DE SANTIS ANTONIO,*CODICE FISCALE*,,,,,IT,,,6
AZIENDA-d6689e0e33,azienda,DELFINO SPORT S.R.L.,00691360671,,,,,IT,,,5
OA-ORG-028b0b375f2c19aa,azienda,DESAMANERA SRL,,,,,,IT,http://www.desamanera.com,,2
AZIENDA-d341929ff3,azienda,DEVELOPING.IT S.R.L.,06398630720,,,,,IT,,,6
AZIENDA-b23beff32b,azienda,DI BELLO & C. S.A.S. DI GIUSEPPE DI BELLO,05078890638,,,,,IT,,,4
AZIENDA-260cfbb9b8,azienda,DI CARLO MICHELE,*CODICE FISCALE*,,,,,IT,,,5
AZIENDA-2a05f4246d,azienda,DI LASCIO GIOVANNI,*CODICE FISCALE*,,,,,IT,,,5
AZIENDA-76235ac18f,azienda,DI PALMA FRANCESCO,*CODICE FISCALE*,,,,,IT,,,6
AZIENDA-cb8bf0fd69,azienda,DIAGNOSTICA NOBILIORE SOCIETA' A RESPONSABILITA' LIMITATA,06143490586,,,,,IT,,,5
AZIENDA-95ae24c4e8,azienda,DIGIMAT S.P.A.,01053520779,,,,,IT,,,5
AZIENDA-17c28866e7,azienda,DIVER TRASPORTI S.A.S. DI VERNI GIOVANNI & C.,01877490761,,,,,IT,,,4
OA-ORG-0123651f5e4ba747,azienda,DOFREN SRL,,,,,,IT,http://www.dofren.com,,2
OA-ORG-0136ebbda7e808e1,azienda,DOLOMITI CAD SRL,,,,,,IT,http://www.dolomiticad.it,,2
AZIENDA-1d0b410037,azienda,DORIA ANDREA,*CODICE FISCALE*,,,,,IT,,,5
OA-ORG-00534c3e6612910a,azienda,DR TECH SRL,,,,,,IT,http://www.drwinetech.it/,,2
AZIENDA-059ae86521,azienda,DURSO S.R.L.,02149350650,,,,,IT,,,5
AZIENDA-b2a40e9ff6,azienda,Developers Italia,,,,Italy,,IT,https://developers.italia.it,contatti@developers.italia.it,18
OA-ORG-04020f4b599e8fa7,azienda,Don Carlo Gnocchi Foundation,,,,,,IT,http://www.dongnocchi.it/solidariet%C3%A0-internazionale,,2
AZIENDA-0a4de95779,azienda,EDILCAT COSTRUZIONI S.R.L.,03335210799,,,,,IT,,,5
OA-ORG-010c814a2b4d733e,azienda,EDYNA SRL,,,,,,IT,http://www.edyna.net,,2
AZIENDA-472a438053,azienda,ELLEPIGAS SUD S.R.L.,00286070651,,,Roma,Lazio,IT,,,5
AZIENDA-597f18da8a,azienda,EMMETI S.R.L. COSTRUZIONI E RESTAURI,01484810708,,,,,IT,,,4
AZIENDA-fb281a1ca5,azienda,ENERGIA ITALIA S.R.L SOCIETA' BENEFIT,02160470817,,,,,IT,,,4
OA-ORG-00096e3d69f2334e,azienda,ENKI S.R.L.,,,,,,IT,http://www.enki-microtubes.com,,2
AZIENDA-23ecde1211,azienda,ERIGO SRL,02119150692,,,,,IT,,,4
AZIENDA-af48fb9938,azienda,ESAGONO DI DI RAIMONDO ANTONINO E FABIO SAS,00907120885,,,,,IT,,,4
AZIENDA-d2415fda2a,azienda,ESPOSITO GIUSEPPE,*CODICE FISCALE*,,,,,IT,,,10
OA-ORG-00dac3aaae8c713e,azienda,EURO MASTER SRL,,,,,,IT,http://www.euromasterspa.com,,2
OA-ORG-03f7a434b6aeb9c5,azienda,EUROCLONE DIAGNOSTICA SRL,,,,,,IT,http://www.euroclonediagnostica.it,,2
AZIENDA-69723941a9,azienda,EUROFOR S.R.L.,06767051219,,,,,IT,,,5
AZIENDA-1325a8ecda,azienda,EUSTEMA S.P.A.,05982771007,,,Roma,Lazio,IT,,,9
AZIENDA-d8b8ec220a,azienda,EXTRA INFORMATICA S.R.L.,01992850907,,,,,IT,,,5
OA-ORG-019f543e552d8125,azienda,EXTRA RED SRL,,,,,,IT,http://red.extrasys.it,,2
AZIENDA-c71d711676,azienda,F.G.F. S.R.L.,03246860781,,,Montalto Uffugo,Calabria,IT,,,5
AZIENDA-e65ad7613e,azienda,F.LLI MANGANO S.R.L.,07740300723,,,,,IT,,,4
AZIENDA-0efa953ba4,azienda,FANELLI MARIA,*CODICE FISCALE*,,,,,IT,,,5
AZIENDA-aa58056213,azienda,FERRANTE ANTONIO,*CODICE FISCALE*,,,,,IT,,,6
AZIENDA-eb1e13b083,azienda,FERRARA CARMELA,*CODICE FISCALE*,,,,,IT,,,6
AZIENDA-834a2f21a8,azienda,FERRARA LUIGI,*CODICE FISCALE*,,,,,IT,,,6
AZIENDA-723f08c9c9,azienda,FESTA S.P.A. - SOCIETA' PER AZIONI,01559110620,,,,,IT,,,4
AZIENDA-7c364a4670,azienda,FESTA SALVATORE,*CODICE FISCALE*,,,,,IT,,,5
AZIENDA-f608f4780f,azienda,FILANNINO RUGGIERO,*CODICE FISCALE*,,,,,IT,,,5
AZIENDA-307bfecfcf,azienda,FLEXITAB S.R.L.,07529650637,,,Napoli,Campania,IT,,,5
AZIENDA-8f930fb82b,azienda,FLEXOFAR S.R.L.,02001580618,,,,,IT,,,4
AZIENDA-2ed7f2ee12,azienda,FMTECHNOLOGY S.R.L.,04976680753,,,,,IT,,,6
AZIENDA-15ff179cec,azienda,FOCELDA S.P.A.,05083420637,,,,,IT,,,5
AZIENDA-0ad39e5076,azienda,FOMALP SRL,03614660755,,,,,IT,,,5
AZIENDA-cbdf8225d8,azienda,FONDERIE ORAZIO E FORTUNATO DE RICCARDIS S.R.L. IN BREVE FONDE RIE DE RICCARDIS S.R.L. O FONDERIE O. & F. DE RICCARDIS S.R.L.,00143060754,,,,,IT,,,4
AZIENDA-8380875246,azienda,FORTE FRANCESCO,*CODICE FISCALE*,,,,,IT,,,5
AZIENDA-c0bdd1a512,azienda,FORTUNATO VITO,*CODICE FISCALE*,,,,,IT,,,5
AZIENDA-1a3af582e9,azienda,FRAGALI S.R.L.,04677930879,,,,,IT,,,4
AZIENDA-9fe6d151b2,azienda,FRANCOLINO ANTONIO,*CODICE FISCALE*,,,,,IT,,,7
AZIENDA-8bd445d4fc,azienda,FRATELLI OREFICE & VILLANI - S.R.L.,00580110658,,,,,IT,,,4
AZIENDA-8c80716236,azienda,FU.AL. S.N.C. DI FUSCHILLO SAVERIO ED ALLOCCA MICHELE,04820220632,,,Roma,Lazio,IT,,,5
AZIENDA-352a7238cb,azienda,FUSCO FRANCESCO,*CODICE FISCALE*,,,,,IT,,,6
AZIENDA-780fdc347a,azienda,FUTUR BOX S.R.L.,06739401211,,,,,IT,,,4
OA-ORG-02deea620953fa0d,azienda,Foundation Jewish Contemporary Documentation Center,,,,,,IT,http://www.cdec.it/home2_2.asp?idtesto=990,,1
AZIENDA-1265e98290,azienda,GALEOTAFIORE S.R.L.,06403191213,,,Nola,Campania,IT,,,5
AZIENDA-99f635b86b,azienda,GALLO NICOLA,*CODICE FISCALE*,,,,,IT,,,6
AZIENDA-710ada3d7e,azienda,GALLO PIETRO,*CODICE FISCALE*,,,,,IT,,,5
AZIENDA-76db8b5286,azienda,GANGI IMPIANTI S.R.L.,05738830826,,,,,IT,,,5
AZIENDA-a50c40ab97,azienda,GAROFALO GIUSEPPE,*CODICE FISCALE*,,,,,IT,,,6
AZIENDA-83503769a2,azienda,GASPARRE LEONARDO,*CODICE FISCALE*,,,,,IT,,,5
AZIENDA-0b49aa9c7b,azienda,GENTILE GIUSEPPE,*CODICE FISCALE*,,,,,IT,,,6
AZIENDA-ae268abf6c,azienda,GEOS ENVIRONMENT S.R.L.,07094890634,,,,,IT,,,5
AZIENDA-9abe230b8f,azienda,GIAMBRA S.R.L.,02504630845,,,Grotte,Sicilia,IT,,,5
AZIENDA-6f1c0c9bec,azienda,GIAMPAOLO VITO,*CODICE FISCALE*,,,,,IT,,,5
AZIENDA-784974249f,azienda,GIGLIO FRANCESCO,*CODICE FISCALE*,,,,,IT,,,6
AZIENDA-54f5bdd076,azienda,GIPACK S.R.L.,04227711217,,,Roma,Lazio,IT,,,5
AZIENDA-3fc03882e3,azienda,GLG LEGNAMI S.R.L.,04456810870,,,,,IT,,,4
AZIENDA-fbecf4dcb6,azienda,GRAN FORNO DI GIANNINO PATERNO SOCIETA' A RESPONSABILITA' LIMITATA,06794880721,,,,,IT,,,5
AZIENDA-0b37536c97,azienda,GRECO ANTONIO,*CODICE FISCALE*,,,,,IT,,,7
OA-ORG-03b8d73afc8d0513,azienda,HERMES REPLY S.R.L.,,,,,,IT,,,2
AZIENDA-ef08a59998,azienda,HIDRONIX S.R.L.,05695991215,,,,,IT,,,5
AZIENDA-bcca75f4fc,azienda,HOTEL MARGHERITA S.R.L.,03107710653,,,,,IT,,,5
AZIENDA-00b76b22a0,azienda,I.CO.NA. SOCIETA' COOPERATIVA,05000011212,,,,,IT,,,6
AZIENDA-6b0b2c4ae6,azienda,I.T.M. INFORMATICA TELEMATICA MERIDIONALE S.R.L.,04624690634,,,,,IT,,,10
AZIENDA-11d73fb93d,azienda,IANDOLO RAFFAELE,*CODICE FISCALE*,,,,,IT,,,5
AZIENDA-49d0581809,azienda,ICIMENDUE S.R.L.,02019360615,,,Napoli,Campania,IT,,,5
OA-ORG-011ecdcdf48a3cfa,azienda,IDEGO SRL,,,,,,IT,http://www.idego.it,,2
OA-ORG-03ffd3591036f282,azienda,IDROPAN DELL ORTO DEPURATORI SRL,,,,,,IT,http://www.idropan.it,,2
AZIENDA-dc60aa7751,azienda,IDS S.R.L.,05215390872,,,,,IT,,,5
AZIENDA-9980650753,azienda,IMBALSUD S.R.L.,02893481214,,,Roma,Lazio,IT,,,5
AZIENDA-40c38842ea,azienda,IMPREFER S.R.L.,03816120871,,,,,IT,,,5
AZIENDA-8c7cd6f357,azienda,IMPRESA COSTRUZIONI GEOM. GIUSEPPE POSADINU S.R.L.,01925160903,,,,,IT,,,6
AZIENDA-acb0f0ed41,azienda,IMPRESA SOCIALE D.P.D.B. S.R.L.,07489780630,,,,,IT,,,5
OA-ORG-00ce2123475c6f2d,azienda,INFORMATICA SYSTEM S.R.L.,,,,,,IT,http://www.infosys.it,,2
AZIENDA-84d170f009,azienda,INFRASTRUTTURE E TELECOMUNICAZIONI PER L'ITALIA S.P.A - INFRATEL ITALIA S.P.A.,07791571008,,,Roma,Lazio,IT,,,4
AZIENDA-2df48ec996,azienda,INGEGNERIE MECCANICHE ITALIANE S.R.L.,06791590729,,,,,IT,,,4
AZIENDA-64e7ab2bcd,azienda,INIZIATIVA CUBE S.R.L.,05752831213,,,Napoli,Campania,IT,,,9
AZIENDA-eba004d96d,azienda,IORIO LUIGI,*CODICE FISCALE*,,,,,IT,,,5
AZIENDA-382e34548c,azienda,IRPINIA PUBBLICITA' SRL,02874080647,,,,,IT,,,5
AZIENDA-836a45e866,azienda,ISTITUTO NAZIONALE DELLA PREVIDENZA SOCIALE - INPS,80078750587,,,AMBITO NAZIONALE,,IT,,,18
AZIENDA-235c786468,azienda,ISTOP SPAMAT S.R.L.,00875570723,,,,,IT,,,5
AZIENDA-79f2767a35,azienda,ITALDATA S.P.A.,80001050642,,,Avellino,Campania,IT,,,7
AZIENDA-a7b73935fa,azienda,ITAM SRL,07925110723,,,,,IT,,,7
AZIENDA-3681c17170,azienda,ITEM OXYGEN SOCIETA' A RESPONSABILITA' LIMITATA,06068560728,,,,,IT,,,9
AZIENDA-4968f09cca,azienda,KAD3 S.R.L,02120870742,,,,,IT,,,6
AZIENDA-f5b19276c1,azienda,KIDEA S.R.L.,05877181213,,,Napoli,Campania,IT,,,5
AZIENDA-10a613bd06,azienda,KONVERGENCE SRL,01579110691,,,Cepagatti,Abruzzo,IT,,,6
AZIENDA-a40175d4f7,azienda,KYLIA LAB S.R.L.,06635891218,,,Roma,Lazio,IT,,,5
AZIENDA-30619037ca,azienda,LA COMMERCIALE AGRICOLA DI BILLI GIOVANNI S.P.A.,00924810401,,,Forlì,Emilia-Romagna,IT,,,5
AZIENDA-84e9ea5b53,azienda,LA MECCANICA ORIENTE S.R.L.,00554860700,,,Campobasso,Molise,IT,,,5
AZIENDA-f8c9474e4c,azienda,LA MITO S.R.L. DISTRIBUZIONE,05371200725,,,,,IT,,,6
AZIENDA-88d581e126,azienda,LAMBERTI FOOD S.R.L.,03737360655,,,,,IT,,,5
AZIENDA-d3f9f7d42f,azienda,LATTARULO ANGELO RAFFAELE S.R.L.,07611090726,,,,,IT,,,5
AZIENDA-ebd6bb494f,azienda,LAVALUX S.R.L.,02098100833,,,,,IT,,,4
AZIENDA-96545f15bb,azienda,LAVORGNA S.R.L.,01033540624,,,,,IT,,,8
AZIENDA-11d045a9f1,azienda,LE DELIZIE DEL SUD S.R.L.,03521141212,,,Ercolano,Campania,IT,,,5
AZIENDA-7a91286bc3,azienda,LEO ALESSANDRO,*CODICE FISCALE*,,,,,IT,,,6
AZIENDA-5d58684ff7,azienda,LEONE FRANCESCO,*CODICE FISCALE*,,,,,IT,,,7
AZIENDA-9802bc3357,azienda,LEONE MARIA,*CODICE FISCALE*,,,,,IT,,,6
AZIENDA-428df069c6,azienda,LEONE SERGIO,*CODICE FISCALE*,,,,,IT,,,7
AZIENDA-ff7a184548,azienda,LIMM S.R.L.,07231470720,,,,,IT,,,4
AZIENDA-6a66a6ef9e,azienda,LINE S.R.L.,04829290750,,,,,IT,,,5
AZIENDA-9befb24bf7,azienda,LINEA BLU DIAGNOSTICI S.R.L.,04879960872,,,,,IT,,,4
AZIENDA-c359301662,azienda,LISCIANIGIOCHI S.P.A.,00723030672,,,,,IT,,,5
AZIENDA-9b8bf91005,azienda,LOMBARDI GIOVANNI,*CODICE FISCALE*,,,,,IT,,,8
AZIENDA-7deb17dba5,azienda,LORUSSO MARIA,*CODICE FISCALE*,,,,,IT,,,7
AZIENDA-88c7d3a698,azienda,LOSITO VINCENZO,*CODICE FISCALE*,,,,,IT,,,5
AZIENDA-92e722d515,azienda,M.D. PLAST S.P.A.,03610330650,,,,,IT,,,5
AZIENDA-35ad815312,azienda,MA.T.I. SUD S.P.A.,02229530734,,,,,IT,,,6
AZIENDA-8b4a2c13a6,azienda,MACA S.R.L.,03262390655,,,Roma,Lazio,IT,,,5
AZIENDA-6cebe92bfe,azienda,MAGNUM S.R.L.,06344660821,,,,,IT,,,4
AZIENDA-7d7d9c330c,azienda,MALVIN S.R.L.,02612581211,,,Roma,Lazio,IT,,,5
AZIENDA-995b95a094,azienda,MANSI GIUSEPPE,*CODICE FISCALE*,,,,,IT,,,5
AZIENDA-b5396a7750,azienda,MARE APERTO ITALIA S.R.L.,03925990875,,,,,IT,,,4
AZIENDA-825718d890,azienda,MATE CONSULTING SRL,03924030657,,,,,IT,,,5
AZIENDA-0db8c9bb7d,azienda,MAZZA GIUSEPPE,*CODICE FISCALE*,,,,,IT,,,6
AZIENDA-d27ac3da0d,azienda,MECCANICHE DEL MISTRO S.R.L.,01462850932,,,,,IT,,,5
AZIENDA-3151b453f8,azienda,MEDAS SERVICE S.R.L.,06392660632,,,Napoli,Campania,IT,,,5
AZIENDA-24ae802a34,azienda,MEDI STORE S.R.L.,02959800612,,,Caserta,Campania,IT,,,5
AZIENDA-103234478f,azienda,MEDICAL GAS CRIOGENICI S.R.L.,02220120840,,,,,IT,,,4
AZIENDA-34b54b4de5,azienda,MEDITUR MEDITERRANEA TURISTICA S.R.L.,01356230746,,,,,IT,,,4
AZIENDA-48bf8a33a6,azienda,MEK EURO ENGINEERING - SOCIETA' A RESPONSABILITA' LIMITATA IN SIGLA MEK EURO ENGINEERING - S.R.L.,07667440635,,,,,IT,,,5
AZIENDA-d7e9c24592,azienda,MELARDI S.R.L.,02205570878,,,,,IT,,,4
AZIENDA-112abdadce,azienda,METAL SUD S.R.L.,04067220873,,,,,IT,,,4
AZIENDA-9416de492d,azienda,MI.RO.RA. COSTRUZIONI S.R.L.,00787840628,,,,,IT,,,5
OA-ORG-014a12a48403d7b0,azienda,MICRO4YOU SRL,,,,,,IT,http://www.micro4you.eu,,2
AZIENDA-82c61c1b1e,azienda,MIDA CARS S.R.L.,01903130613,,,,,IT,,,4
AZIENDA-9f253ec0d0,azienda,MIGLIONICO MICHELE,*CODICE FISCALE*,,,,,IT,,,6
AZIENDA-02db97b837,azienda,MIGLIORE S.R.L.,01448090884,,,,,IT,,,4
AZIENDA-c12bc703e9,azienda,MIMIT - MINISTERO DELLE IMPRESE E DEL MADE IN ITALY,80230390587,,,Roma,Lazio,IT,,,18
AZIENDA-f19515593d,azienda,MIMIT MINISTERO DELLE IMPRESE E DEL MADE IN ITALY,80230390587,,,,,IT,,,8
AZIENDA-ec9608a7bc,azienda,MINISTERO DEL LAVORO E DELLE POLITICHE SOCIALI,80237250586,,,Roma,Lazio,IT,,,11
AZIENDA-9dc5d88f52,azienda,MINISTERO DELL UNIVERSITA E DELLA RICERCA,97429780584,,,Bari,Puglia,IT,,,8
AZIENDA-d6dbac19ec,azienda,MINISTERO DELL'AMBIENTE E DELLA SICUREZZA ENERGETICA,97047140583,,,Roma,Lazio,IT,,,12
AZIENDA-1e8ebc6d1b,azienda,MINISTERO DELL'ISTRUZIONE E DEL MERITO,80185250588,,,Roma,Lazio,IT,,,16
AZIENDA-7dc0eb4134,azienda,MINISTERO DELLE IMPRESE E DEL MADE IN ITALY,*CODICE FISCALE*,,,,,IT,,,6
AZIENDA-589dc21122,azienda,MINISTERO DELLE INFRASTRUTTURE E DEI TRASPORTI,97532760580,,,Roma,Lazio,IT,,,17
OA-ORG-025dd7e9bee8973d,azienda,ML CUBE S.R.L.,,,,,,IT,http://www.mlcube.com,,2
AZIENDA-f303e3e91d,azienda,MONACO MARCELLO,*CODICE FISCALE*,,,,,IT,,,5
OA-ORG-037b6e3a8c5a6ba2,azienda,MORETTI SPA,,,,,,IT,http://WWW.MORETTISPA.IT,,2
OA-ORG-03a8cc47a881a889,azienda,MOVING SRL,,,,,,IT,http://www.moving.vi.it,,2
AZIENDA-535f614039,azienda,MUT MECCANICA TOVO SPA,00315130245,,,,,IT,,,6
AZIENDA-f01e7e17d2,azienda,Ministero dell'Ambiente e della Tutela del Territorio e del Mare-Direzione Generale per la Salvaguardia del Territorio e delle Acque,97222270585,,,,,IT,,,9
AZIENDA-f0d71b77ac,azienda,MyBatis,,,,Canada,,IT,http://www.mybatis.org,mybatis-user@googlegroups.com,18
AZIENDA-7a895df99f,azienda,NAPOLITANO GIOVANNI,*CODICE FISCALE*,,,,,IT,,,8
OA-ORG-0119f9a7a0907c47,azienda,NATIONAL SYSTEMS SRL,,,,,,IT,http://www.nationalsystems.it,,2
AZIENDA-f86dbb7b3c,azienda,NEOS ITALIA S.R.L.,01947300693,,,,,IT,,,5
AZIENDA-9426bbd59c,azienda,NEW DIMENSION PLASTIC S.R.L.,03757380658,,,Nocera Inferiore,Campania,IT,,,8
AZIENDA-e0a6d4439c,azienda,NEW ELECTRA S.R.L.,03971330653,,,Piano di Sorrento,Campania,IT,,,6
AZIENDA-944f15b068,azienda,NIGRO GIOVANNI,*CODICE FISCALE*,,,,,IT,,,5
AZIENDA-9404ffac16,azienda,NOVURANIA S.P.A.,00121780225,,,,,IT,,,5
AZIENDA-120aea7b55,azienda,Nyarch Linux,,,,Italy,,IT,https://nyarchlinux.moe,,7
AZIENDA-9c77d6016b,azienda,O.S.I. S.R.L.,01710690601,,,,,IT,,,5
OA-ORG-033dd3e190286f09,azienda,ODYS SRL,,,,,,IT,http://www.odys.it,,2
AZIENDA-92bc5dc72b,azienda,OFFICINE MECCANICHE PONTILLO & C. - S.R.L.,02702680659,,,Roma,Lazio,IT,,,5
AZIENDA-b3bb7eed15,azienda,OLIVIERI ROSA,*CODICE FISCALE*,,,,,IT,,,5
AZIENDA-15bb3930a3,azienda,OMNITECH S.R.L.,05974490723,,,,,IT,,,5
AZIENDA-7ea42b6866,azienda,ORANFRESH SRL,03537920872,,,,,IT,,,5
AZIENDA-e7120a0a34,azienda,ORMAD COM. S.R.L.,05447570721,,,Roma,Lazio,IT,,,5
AZIENDA-d53ebdb358,azienda,ORTOLOMO ELETTRICITA' GENERALE S.R.L.,02722971211,,,,,IT,,,4
AZIENDA-52b4ef894a,azienda,OpenIPC,,,,Italy,,IT,https://openipc.org,openipc.org@gmail.com,22
OA-ORG-01d3a7e26bc06747,azienda,P SYSTEM SRL,,,,,,IT,,,2
AZIENDA-20e8c25dd1,azienda,P.A. ADVICE S.P.A.,07917330636,,,,,IT,,,5
AZIENDA-65873fb258,azienda,P.I.G.I. S.R.L. COSTRUZIONI E FONDAZIONI,06239571216,,,,,IT,,,5
AZIENDA-98352b7945,azienda,PACIFICO ANTONIO,*CODICE FISCALE*,,,,,IT,,,9
AZIENDA-c2e878ae99,azienda,PAGANO GIUSEPPE,*CODICE FISCALE*,,,Arena,Calabria,IT,,,7
AZIENDA-dd2089f6ec,azienda,PALUMBO FRANCESCO,*CODICE FISCALE*,,,,,IT,,,5
AZIENDA-af92bc09ee,azienda,PALUMBO GIUSEPPE,*CODICE FISCALE*,,,,,IT,,,5
AZIENDA-d9ffb33b8c,azienda,PANIFICIO SANT'ACHILLE DI MAGARELLI DOMENICO,*CODICE FISCALE*,,,,,IT,,,5
AZIENDA-fb64361970,azienda,PAPPALARDO GIUSEPPE,*CODICE FISCALE*,,,,,IT,,,5
AZIENDA-3d13bbd8cc,azienda,PARISI GIOVANNI,*CODICE FISCALE*,,,,,IT,,,5
AZIENDA-2f1b06a04a,azienda,PARISI S.R.L.,03235650797,,,,,IT,,,5
AZIENDA-998b8605e9,azienda,PARLATO COSTRUZIONI S.R.L.,05555521219,,,,,IT,,,4
AZIENDA-8883f1fb28,azienda,PASTIFICIO MARTIMUCCI SOCIETA' A RESPONSABILITA' LIMITATA,04954910727,,,,,IT,,,5
AZIENDA-7e3e46ee3b,azienda,PATRUNO RICCARDO,*CODICE FISCALE*,,,,,IT,,,5
AZIENDA-214d0f1492,azienda,PELLEGRINO MARIA,*CODICE FISCALE*,,,,,IT,,,5
AZIENDA-5703e203be,azienda,PERRONE EMANUELE,*CODICE FISCALE*,,,,,IT,,,5
AZIENDA-eb40f94d73,azienda,PINTO ALESSANDRO,*CODICE FISCALE*,,,,,IT,,,5
AZIENDA-6c294b7160,azienda,PIZZI ANTONIO,*CODICE FISCALE*,,,,,IT,,,6
AZIENDA-79a9ddb64b,azienda,PLANET BEVERAGE S.R.L.,04099920656,,,,,IT,,,4
AZIENDA-0be4f04388,azienda,PLANETEK ITALIA S.R.L.,04555490723,,,Roma,Lazio,IT,,,7
AZIENDA-bb502df471,azienda,PLASTEEL S.R.L.,02814130643,,,Roma,Lazio,IT,,,5
OA-ORG-00222d4d6364f932,azienda,POWER NAPLES PROTOTYPE LABORATORY SRL,,,,,,IT,,,2
AZIENDA-c67de54dad,azienda,POWERFLEX S.R.L.,01048870628,,,,,IT,,,5
AZIENDA-1d6caf32b9,azienda,PRINTT S.R.L.,05982160821,,,,,IT,,,4
OA-ORG-027aa2daa68ff5a9,azienda,PROGEMEC SRL,,,,,,IT,http://www.progemec.it/,,2
AZIENDA-ea192b90a9,azienda,PRONTO GRU SERVICE S.R.L.,04822990729,,,,,IT,,,4
AZIENDA-01cfb94dbf,azienda,PROTOM GROUP S.P.A.,06477661216,,,Napoli,Campania,IT,,,6
AZIENDA-c3708b39a1,azienda,PROVINCIA AUTONOMA DI BOLZANO,00390090215,,,Bolzano,Trentino-Alto Adige,IT,,,14
AZIENDA-f2609ecbe1,azienda,PUGLIA TERMICA S.R.L.,02704700737,,,,,IT,,,5
AZIENDA-30d5c36f3c,azienda,PULEO S.P.A.,01233360815,,,,,IT,,,5
AZIENDA-1781e70628,azienda,Perano Enrico & Figli Spa,00170370654,,,,,IT,,,5
AZIENDA-8b7d138745,azienda,Presidenza del Consiglio dei Ministri,80188230587,,,Roma,Lazio,IT,,,19
AZIENDA-038f63525b,azienda,QUARTA ANDREA,*CODICE FISCALE*,,,,,IT,,,5
AZIENDA-0542d69046,azienda,QUEMME SPA,03086900739,,,,,IT,,,5
AZIENDA-4ae4807f06,azienda,R.F.D. ALIMENTARI S.R.L.,04572170654,,,,,IT,,,4
AZIENDA-bd45cfa4a1,azienda,RAFFAELE NICOLA,*CODICE FISCALE*,,,,,IT,,,5
AZIENDA-61dc33c9d6,azienda,RAGUSO ANTONIO,*CODICE FISCALE*,,,,,IT,,,5
AZIENDA-6e6853c920,azienda,RANIERI FRANCESCO,*CODICE FISCALE*,,,,,IT,,,10
AZIENDA-6f9167a016,azienda,RED S.R.L.,06766690637,,,,,IT,,,6
AZIENDA-6827c34de4,azienda,REGGELBERGBAU S.R.L.,01235280219,,,,,IT,,,5
AZIENDA-aad61e6a32,azienda,REGIONE ABRUZZO,80003170661,,,Pescara,Abruzzo,IT,,,17
AZIENDA-ab6d9bfb60,azienda,REGIONE AUTONOMA DELLA SARDEGNA,80002870923,,,Cagliari,Sardegna,IT,,,18
AZIENDA-56a429fc1d,azienda,REGIONE AUTONOMA FRIULI-VENEZIA GIULIA,80014930327,,,Trieste,Friuli-Venezia Giulia,IT,,,14
AZIENDA-2671bde3c0,azienda,REGIONE BASILICATA,80002950766,,,Potenza,Basilicata,IT,,,17
AZIENDA-5822201ff3,azienda,REGIONE CALABRIA,80002770792,,,Roma,Lazio,IT,,,20
AZIENDA-cd910e9129,azienda,REGIONE DEL VENETO,80007580279,,,Treviso,Veneto,IT,,,18
AZIENDA-8f2a9d07fe,azienda,REGIONE EMILIA-ROMAGNA,80062590379,,,Bologna,Emilia-Romagna,IT,,,18
AZIENDA-2d7247f217,azienda,REGIONE LAZIO,80143490581,,,Roma,Lazio,IT,,,18
AZIENDA-f09e915efc,azienda,REGIONE LIGURIA,00849050109,,,Genova,Liguria,IT,,,14
AZIENDA-cee64ded88,azienda,REGIONE LOMBARDIA,80050050154,,,Milano,Lombardia,IT,,,18
AZIENDA-96e6b4fd11,azienda,REGIONE MARCHE,80008630420,,,Ancona,Marche,IT,,,16
AZIENDA-8492f40023,azienda,REGIONE PIEMONTE,80087670016,,,Torino,Piemonte,IT,,,18
AZIENDA-968e35ee7d,azienda,REGIONE PUGLIA,80017210727,,,Bari,Puglia,IT,,,20
AZIENDA-8d8c27050d,azienda,REGIONE SICILIANA,80012000826,,,Palermo,Sicilia,IT,,,18
AZIENDA-ba621044b5,azienda,REGIONE TOSCANA,01386030488,,,Firenze,Toscana,IT,,,18
AZIENDA-9945e00a98,azienda,REGIONE UMBRIA,80000130544,,,Perugia,Umbria,IT,,,14
AZIENDA-9c74315c3d,azienda,REVERS S.R.L.,02584560847,,,Sciacca,Sicilia,IT,,,5
AZIENDA-bba80aacb5,azienda,RI BA SUD - S.R.L.,02379980655,,,Roma,Lazio,IT,,,5
AZIENDA-5455344856,azienda,RI.FRA. S.R.L.,01366080818,,,,,IT,,,4
AZIENDA-84efb68f53,azienda,RICCI ANTONIO,*CODICE FISCALE*,,,,,IT,,,9
AZIENDA-4fc5c9eff0,azienda,RICCI ROBERTO,*CODICE FISCALE*,,,,,IT,,,5
AZIENDA-ae561ee0ba,azienda,RINALDI FRANCESCO,*CODICE FISCALE*,,,Campobasso,Molise,IT,,,9
AZIENDA-d480668f07,azienda,RIZZI MARIO,*CODICE FISCALE*,,,,,IT,,,5
AZIENDA-3c5a4a7d1b,azienda,RIZZO GIACOMO,*CODICE FISCALE*,,,,,IT,,,9
AZIENDA-12c4d525b2,azienda,RIZZO GIUSEPPE,*CODICE FISCALE*,,,Taverna,Calabria,IT,,,8
AZIENDA-8357881b4d,azienda,RIZZO SALVATORE,*CODICE FISCALE*,,,,,IT,,,5
AZIENDA-49955316ae,azienda,ROCAM S.R.L.,01321340885,,,,,IT,,,4
AZIENDA-3efd27cf78,azienda,ROMANO A & A LEGNAMI S.A.S. DI ROMANO GIUSEPPE,04785570658,,,,,IT,,,4
AZIENDA-fabb46abf3,azienda,ROMANO DANILO,*CODICE FISCALE*,,,,,IT,,,6
AZIENDA-5b83af1ec1,azienda,ROSSI FRANCESCO,*CODICE FISCALE*,,,,,IT,,,7
AZIENDA-05a0213e6d,azienda,ROSSI MICHELE,*CODICE FISCALE*,,,,,IT,,,5
AZIENDA-1c17a386a7,azienda,ROSSI ROBERTO,*CODICE FISCALE*,,,Porto Recanati,Marche,IT,,,6
AZIENDA-1299e5388e,azienda,RUGGIERI GIOVANNA,*CODICE FISCALE*,,,,,IT,,,5
AZIENDA-f88b5ffb44,azienda,RUGGIERO GIUSEPPE,*CODICE FISCALE*,,,,,IT,,,8
AZIENDA-184dd59f09,azienda,RUSSI GIUSEPPE,*CODICE FISCALE*,,,,,IT,,,5
AZIENDA-efa592de16,azienda,RUSSO ANTONIO,*CODICE FISCALE*,,,Arquata del Tronto,Marche,IT,,,8
AZIENDA-b3417d6364,azienda,RUSSO CLAUDIA,*CODICE FISCALE*,,,,,IT,,,8
AZIENDA-f121233e8d,azienda,RUSSO DOMENICO,*CODICE FISCALE*,,,Bisignano,Calabria,IT,,,6
AZIENDA-0151eff4c4,azienda,RUSSO FRANCESCO,*CODICE FISCALE*,,,,,IT,,,9
AZIENDA-18f0fbcdc1,azienda,RUSSO GIOVANNI,*CODICE FISCALE*,,,,,IT,,,11
AZIENDA-28a156c123,azienda,RUSSO GIUSEPPE,*CODICE FISCALE*,,,Montepaone,Calabria,IT,,,11
AZIENDA-6e83dd3bb2,azienda,RUSSO LUIGI,*CODICE FISCALE*,,,,,IT,,,10
AZIENDA-536f0e8683,azienda,RUSSO NICOLA,*CODICE FISCALE*,,,,,IT,,,7
AZIENDA-53abc1e1f0,azienda,RUSSO SALVATORE,*CODICE FISCALE*,,,,,IT,,,9
AZIENDA-5d99bdb28a,azienda,RUSSO VINCENZO,*CODICE FISCALE*,,,,,IT,,,10
AZIENDA-1ec79a9c86,azienda,Regione Campania,80011990639,,,CAMPANIA,Campania,IT,,,20
AZIENDA-f8e8a6a047,azienda,Regione Sardegna,80002870923,,,,,IT,,,13
AZIENDA-604788a9cf,azienda,Regione Sicilia,80012000826,,,,,IT,,,18
OA-ORG-023f0bf29f4edeb4,azienda,S.A.T.SICILIANA ARTICOLI TECNICI SRL,,,,,,IT,http://www.satgroup-semiconductor.com,,2
AZIENDA-6ea62dbcb1,azienda,S.E.E.C.I. SUD - S.R.L.,02309270656,,,,,IT,,,6
AZIENDA-8ab0c20334,azienda,SALERNO PESCA SRL,05118690659,,,,,IT,,,5
AZIENDA-8b8850f80e,azienda,SAN MARCO S.R.L.,03621320757,,,,,IT,,,4
AZIENDA-01bd3a562e,azienda,SANTAMATO MICHELE,*CODICE FISCALE*,,,,,IT,,,5
AZIENDA-2810a16047,azienda,SANTORI & SCHILIRO' S.R.L.,02204481200,,,Pianoro,Emilia-Romagna,IT,,,5
AZIENDA-5f79429759,azienda,SANTORO ANGELO,*CODICE FISCALE*,,,,,IT,,,8
AZIENDA-3b1929f293,azienda,SANTORO DOMENICO,*CODICE FISCALE*,,,,,IT,,,9
AZIENDA-41d4aeb4ec,azienda,SANTORO FRANCESCO,*CODICE FISCALE*,,,,,IT,,,5
AZIENDA-970320101b,azienda,SANTORO GIUSEPPE,*CODICE FISCALE*,,,,,IT,,,9
AZIENDA-3bb7306e33,azienda,SAUTECH S.R.L.,04416390658,,,,,IT,,,5
OA-ORG-01a81eb7e5db6dc6,azienda,SBSKIN. SMART BUILDING SKIN S.R.L.,,,,,,IT,http://www.sbskin.it,,2
AZIENDA-7d781571f0,azienda,SCALIA GROUP S.R.L.,04453560825,,,,,IT,,,4
AZIENDA-3b5887cab4,azienda,SCATOLIFICIO SALERNITANO SPA,03542480656,,,,,IT,,,5
AZIENDA-89fec377c8,azienda,SCORDINO S.P.A.,00254760879,,,,,IT,,,4
AZIENDA-fb29cdafc4,azienda,SCUDERI S.R.L.,03860820871,,,,,IT,,,4
AZIENDA-eefe4e58ee,azienda,SE.CO.RI. S.R.L.,01764280879,,,,,IT,,,4
AZIENDA-6ea3096879,azienda,SE.MI.DA. S.R.L.,02845630835,,,,,IT,,,4
AZIENDA-442ae00265,azienda,SIMEONE S.P.A.,01998440711,,,,,IT,,,6
OA-ORG-036e0761d1d867e0,azienda,SINTE SRL,,,,,,IT,http://www.sinte-ltd.com,,2
AZIENDA-74d87e34b4,azienda,SIP & T S.P.A.,03133100655,,,Roma,Lazio,IT,,,6
OA-ORG-0239aae7e3c685a8,azienda,SISMA SPA,,,,,,IT,http://www.sisma.com,,2
AZIENDA-5f33002fd3,azienda,SITE S.R.L.,11093681002,,,,,IT,,,8
AZIENDA-1e96cf0c0e,azienda,SMARTCOLOR S.R.L.,00851250944,,,,,IT,,,5
AZIENDA-7b350d10cb,azienda,SMS Engineering S.r.l.,07334030637,,,,,IT,,,5
AZIENDA-d22b79045d,azienda,SOREM FORNITURE S.R.L.,05113710650,,,San Pietro al Tanagro,Campania,IT,,,7
AZIENDA-532df73d07,azienda,STAMPA E STAMPE S.R.L.,01261950552,,,,,IT,,,8
AZIENDA-878c060d24,azienda,STILE LATINO S.R.L.,07827060638,,,,,IT,,,4
AZIENDA-0cc26846e2,azienda,STILOPAN S.A.S. DI GIACOBBE RAFFAELLA,02305460640,,,,,IT,,,5
AZIENDA-5dd24d07e3,azienda,STUDIO HOME SRL,04326730407,,,,,IT,,,5
AZIENDA-5c48f060aa,azienda,SUBER EXTRA S.R.L.,01044820916,,,Ovodda,Sardegna,IT,,,7
AZIENDA-224e64cd71,azienda,SYSTEM MANAGEMENT S.P.A.,04693321210,,,,,IT,,,5
AZIENDA-b52e81c9e2,azienda,TARRICONE FRANCESCO,*CODICE FISCALE*,,,,,IT,,,5
AZIENDA-bd9201f844,azienda,TAUMAT S.R.L.,01420810697,,,,,IT,,,5
OA-ORG-04048287b1753ee4,azienda,TECH RAIN SPA,,,,,,IT,http://www.techrain.eu,,2
AZIENDA-e78f7aaaf8,azienda,TECNICA SPORT SOCIETA' A RESPONSABILITA' LIMITATA IN BREVE TECNICA SPORT SRL,02543440826,,,,,IT,,,4
AZIENDA-345f30b902,azienda,TECNOCOSTRUZIONI S.R.L.,00875930620,,,,,IT,,,9
AZIENDA-7a0617bc0a,azienda,TEKNE S.R.L.,01992140697,,,,,IT,,,7
AZIENDA-fcd45c3ddd,azienda,TEKNOS SPA,02399110614,,,,,IT,,,6
OA-ORG-011df92c5dae7364,azienda,TERRE LEGGERE SRL,,,,,,IT,http://www.terreleggere.com,,2
AZIENDA-b99905d9bb,azienda,TESTINO TRASPORTI E LOGISTICA SRL,07839770729,,,,,IT,,,4
OA-ORG-014acf6f51cce004,azienda,TEUCO GUZZINI SPA,,,,,,IT,http://www.teuco.it,,2
OA-ORG-000a8298a5d244bd,azienda,TIRSI SRL,,,,,,IT,,,2
AZIENDA-0844bb85e3,azienda,TODARO RIMORCHI S.R.L.,02029690811,,,,,IT,,,4
AZIENDA-145c34db46,azienda,TRA.VEL.MAR S.R.L.,07294870634,,,,,IT,,,5
AZIENDA-941b6e4837,azienda,TRAGNI DOMENICO,*CODICE FISCALE*,,,,,IT,,,5
AZIENDA-f3e00fe477,azienda,TREBAX S.R.L.,00763070356,,,Castellarano,Emilia-Romagna,IT,,,6
AZIENDA-3d6e55489c,azienda,TROIA MICHELE,*CODICE FISCALE*,,,,,IT,,,5
OA-ORG-02c0705cb9669d5a,azienda,Tecnologie Urbane SRL,,,,,,IT,,,2
AZIENDA-db73ef6a1f,azienda,UNICA MULTI-MATERIAL PLASTIC MOLDING S.R.L.,04707710267,,,,,IT,,,5
AZIENDA-a2324fc03b,azienda,UNICAR S.R.L.,05088970875,,,,,IT,,,4
AZIENDA-bb600c8dfe,azienda,UNION TREND S.R.L.,05501020829,,,,,IT,,,4
AZIENDA-0db4d38307,azienda,UPGRADING SERVICES SPA,06276020721,,,Bari,Puglia,IT,,,7
AZIENDA-d0cc5f084c,azienda,UniTN - DISI Drive,,,,Italy,,IT,https://github.com/unitn-drive,unitn.drive@gmail.com,10
AZIENDA-96b06a7928,azienda,VALLE FIORITA S.R.L.,01775410747,,,,,IT,,,5
AZIENDA-2957dd16ca,azienda,VEROPLAST - S.R.L.,02784130656,,,Roma,Lazio,IT,,,5
AZIENDA-30d9ff48c0,azienda,VETROBARI S.R.L.,00810760728,,,,,IT,,,4
AZIENDA-cbeb10a2d9,azienda,VICTORY DESIGN S.R.L.,06083280633,,,,,IT,,,5
AZIENDA-bdacbc23e9,azienda,VIDEOBANK S.P.A.,03774310878,,,,,IT,,,4
AZIENDA-2cd1e88bd7,azienda,VINACCIA MARIA S.R.L.,03785860630,,,,,IT,,,4
AZIENDA-e4710b754e,azienda,VOLPE FRANCESCO,*CODICE FISCALE*,,,,,IT,,,6
AZIENDA-be169f7013,azienda,VOLPE MICHELE,*CODICE FISCALE*,,,,,IT,,,5
OA-ORG-016ee8dfcde22d1a,azienda,WARDROBA SRL,,,,,,IT,http://www.wardroba.com,,2
AZIENDA-193418894d,azienda,WIND S.R.L.,06690310633,,,,,IT,,,5
AZIENDA-2b077529a9,azienda,WISH NETWORKS S.R.L.,05648480829,,,,,IT,,,5
OA-ORG-021494304fa07019,azienda,X2 SOLUTIONS SRL,,,,,,IT,http://www.x2solutions.it/,,2
AZIENDA-5a30e3e7a4,azienda,ZAVI GROUP S.R.L.,05112530828,,,Palermo,Sicilia,IT,,,5
OA-INST-I2802557943,ente_ricerca,Agostino Gemelli University Polyclinic,,,,Rome,,IT,https://www.policlinicogemelli.it/,,14
OA-ORG-031c83a53d79c83d,ente_ricerca,Centro Studi Luca d’Agliano,,,,,,IT,http://www.dagliano.unimi.it/,,2
OA-INST-I4210117450,ente_ricerca,Federico II University Hospital,,,,Naples,,IT,http://www.policlinico.unina.it/flex/cm/pages/ServeBLOB.php/L/IT/IDPagina/1,,14
OA-INST-I2803066834,ente_ricerca,Fondazione IRCCS Ca' Granda Ospedale Maggiore Policlinico,,,,Milan,,IT,http://www.policlinico.mi.it/,,14
OA-INST-I4210153126,ente_ricerca,Istituti di Ricovero e Cura a Carattere Scientifico,,,,Rome,,IT,http://www.salute.gov.it/portale/temi/p2_6.jsp?lingua=italiano&id=794&area=Ricerca%20sanitaria&menu=ssn,,14
OA-INST-I4210136779,ente_ricerca,"Istituto Nazionale di Fisica Nucleare, Sezione di Milano",,,,Milan,Lombardy,IT,https://www.mi.infn.it,,14
OA-INST-I27897274,ente_ricerca,Istituto Superiore di Sanità,,,,Rome,,IT,http://www.iss.it/chis/?lang=2,,14
OA-INST-I30771326,ente_ricerca,Italian Institute of Technology,,,,Genoa,,IT,https://www.iit.it/,,14
OA-INST-I110120368,ente_ricerca,"National Agency for New Technologies, Energy and Sustainable Economic Development",,,,Rome,Lazio,IT,http://www.enea.it,,14
OA-INST-I4210155236,ente_ricerca,National Research Council,,,,Rome,Lazio,IT,https://www.cnr.it,,14
OA-A5007925027,ricercatore,A. Cerri,,,,,,BR,https://orcid.org/0000-0002-1904-6661,,8
OA-A5106497523,ricercatore,A. Dell’Acqua,,,,,,BR,https://orcid.org/0000-0003-2453-7745,,6
OA-A5106313080,ricercatore,A. Rossi,,,,,,FR,https://orcid.org/0000-0002-2031-2955,,8
OA-A5007694037,ricercatore,Adam Torbicki,,,,,,PK,https://orcid.org/0000-0003-3475-8832,,8
OA-A5091523473,ricercatore,Alberico L. Catapano,,,,,,ID,https://orcid.org/0000-0002-7593-2094,,8
OA-A5048654641,ricercatore,Alberto Mantovani,,,,,,RU,https://orcid.org/0000-0001-5578-236X,,8
OA-A5061886400,ricercatore,Andrea C. Ferrari,,,,,,US,https://orcid.org/0000-0003-0907-9993,,8
OA-A5042807344,ricercatore,B. S. Acharya,,,,,,IE,https://orcid.org/0000-0002-8588-9157,,8
OA-A5045046521,ricercatore,Boris Bikbov,,,,,,IT,https://orcid.org/0000-0002-1925-7506,,8
OA-A5075525738,ricercatore,Carlo La Vecchia,,,,,,IT,https://orcid.org/0000-0003-1441-897X,,8
OA-A5035013697,ricercatore,Claudiu T. Supuran,,,,,,IT,https://orcid.org/0000-0003-4262-0323,,8
OA-A5017081649,ricercatore,Colin Mathers,,,,,,CH,https://orcid.org/0000-0002-0617-6731,,8
OA-A5022331752,ricercatore,Cristiana Abbafati,,,,,,AU,https://orcid.org/0000-0003-2811-6251,,7
OA-A5040645120,ricercatore,E. Gorini,,,,,,BR,https://orcid.org/0000-0002-7688-2797,,6
OA-A5034359289,ricercatore,E. Rossi,,,,,,FR,https://orcid.org/0000-0002-2146-677X,,8
OA-A5080587787,ricercatore,Ettore Beghi,,,,,,IT,https://orcid.org/0000-0003-2542-0469,,8
OA-A5106426616,ricercatore,F. Šforza,,,,,,BR,https://orcid.org/0000-0002-4065-7352,,6
OA-A5028790323,ricercatore,Francesco Saverio Violante,,,,,,GE,https://orcid.org/0000-0003-4084-2782,,8
OA-A5002010790,ricercatore,G. Aielli,,,,,,IT,https://orcid.org/0000-0002-0573-8114,,9
OA-A5060127274,ricercatore,G. Della Ricca,,,,,,FR,https://orcid.org/0000-0003-2831-6982,,7
OA-A5081477856,ricercatore,G. Rolandi,,,,,,FR,https://orcid.org/0000-0002-0635-274X,,7
OA-A5047104019,ricercatore,Giancarlo Logroscino,,,,,,IT,https://orcid.org/0000-0003-0423-3242,,8
OA-A5073691655,ricercatore,Giorgia Giussani,,,,,,ET,https://orcid.org/0000-0003-2460-3095,,8
OA-A5010447559,ricercatore,Giuseppe Grosso,,,,,,FR,https://orcid.org/0000-0003-3930-5285,,8
OA-A5084756058,ricercatore,Giuseppe Mancia,,,,,,FR,https://orcid.org/0000-0003-0942-3176,,8
OA-A5023556434,ricercatore,Giuseppe Remuzzi,,,,,,IT,https://orcid.org/0000-0002-6194-3446,,8
OA-A5070928171,ricercatore,Gregg C. Fonarow,,,,,,JO,https://orcid.org/0000-0002-3192-8093,,8
OA-A5051276665,ricercatore,Gregg L. Semenza,,,,,,US,https://orcid.org/0000-0002-0913-211X,,8
OA-A5077298972,ricercatore,H. F-W. Sadrozinski,,,,,,FR,https://orcid.org/0000-0003-0019-5410,,6
OA-A5088765788,ricercatore,H. Fox,,,,,,FR,https://orcid.org/0000-0003-3089-6090,,8
OA-A5071868716,ricercatore,Holger J. Schünemann,,,,,,GB,https://orcid.org/0000-0003-3211-8479,,7
OA-A5031215077,ricercatore,J. M. Izen,,,,,,US,https://orcid.org/0000-0002-9846-5601,,8
OA-A5056675059,ricercatore,K. Terashi,,,,,,IT,https://orcid.org/0000-0001-6520-8070,,6
OA-A5081230172,ricercatore,L. Bellagamba,,,,,,US,https://orcid.org/0000-0001-7098-9393,,8
OA-A5114377868,ricercatore,L. Lista,,,,,,FR,https://orcid.org/0000-0001-6471-5492,,8
OA-A5025724032,ricercatore,L. Masetti,,,,,,FR,https://orcid.org/0000-0002-0038-5372,,8
OA-A5059344737,ricercatore,Lorenzo Monasta,,,,,,IT,https://orcid.org/0000-0001-7774-548X,,8
OA-A5026345640,ricercatore,Luca Ronfani,,,,,,IT,https://orcid.org/0000-0001-5710-3914,,8
OA-A5080662298,ricercatore,Luigi Naldi,,,,,,IT,https://orcid.org/0000-0002-3160-2835,,8
OA-A5100698315,ricercatore,M. Costa,,,,,,FR,https://orcid.org/0000-0003-0156-0790,,8
OA-A5108167232,ricercatore,M. Grünewald,,,,,,FR,https://orcid.org/0000-0002-5754-0388,,8
OA-A5040861534,ricercatore,M. Morii,,,,,,US,https://orcid.org/0000-0001-9324-057X,,8
OA-A5034928512,ricercatore,Marcello Tonelli,,,,,,US,https://orcid.org/0000-0002-0846-3187,,8
OA-A5045539647,ricercatore,Massimo Círillo,,,,,,IT,https://orcid.org/0000-0002-6409-3504,,8
OA-A5086153061,ricercatore,Massimo Piepoli,,,,,,IT,https://orcid.org/0000-0003-1124-234X,,8
OA-A5023487560,ricercatore,Michele Parrinello,,,,,,US,https://orcid.org/0000-0001-6550-3272,,8
OA-A5113786696,ricercatore,Mihajlo Jakovljević,,,,,,DE,,,8
OA-A5086044070,ricercatore,Norberto Perico,,,,,,IT,https://orcid.org/0000-0002-3147-4327,,8
OA-A5091797706,ricercatore,P. Azzi,,,,,,FR,https://orcid.org/0000-0002-3129-828X,,7
OA-A5100683988,ricercatore,R. W. L. Jones,,,,,,GE,https://orcid.org/0000-0002-6427-3513,,8
OA-A5040188499,ricercatore,S. Giagu,,,,,,IE,https://orcid.org/0000-0001-9192-3537,,8
OA-A5055378370,ricercatore,S. Terzo,,,,,,US,https://orcid.org/0000-0003-3388-3906,,8
OA-A5028780342,ricercatore,Shi Xue Dou,,,,,,JP,https://orcid.org/0000-0003-3824-7693,,8
OA-A5071914447,ricercatore,Vasily Vlassov,,,,,,RU,https://orcid.org/0000-0001-5203-549X,,8
OA-A5036931186,ricercatore,Vivekanand Jha,,,,,,IN,https://orcid.org/0000-0002-8015-9470,,8
OA-INST-I149461666,universita,Ca' Foscari University of Venice,,,,Venice,Veneto,IT,https://www.unive.it,,14
OA-ORG-014b9455032b4326,universita,"Dipartimento di Informatica, Sistemistica e Comunicazione Università degli Studi di Milano",,,,,,IT,,,1
OA-ORG-003fd2b7c42ba638,universita,Italian National Agency for the Evaluation of Universities and Research Institutes,,,,,,IT,https://www.anvur.it/,,2
OA-INST-I122534668,universita,Marche Polytechnic University,,,,Ancona,,IT,https://univpm.it,,14
OA-ORG-01f50c7831da49ba,universita,Padova University-Hospital,,,,,,IT,https://www.aopd.veneto.it/,,2
OA-ORG-041537e69e8e0173,universita,Parthenope University of Naples,,,,,,IT,http://www.uniparthenope.it/,,2
OA-INST-I93860229,universita,Politecnico di Milano,,,,Milan,Lombardy,IT,https://polimi.it,,14
OA-INST-I177477856,universita,Politecnico di Torino,,,,Turin,Piedmont,IT,https://www.polito.it,,14
OA-INST-I119003972,universita,Roma Tre University,,,,Rome,Lazio,IT,https://www.uniroma3.it,,14
OA-INST-I861853513,universita,Sapienza University of Rome,,,,Rome,Lazio,IT,https://www.uniroma1.it,,14
OA-INST-I5561750,universita,University of Bari Aldo Moro,,,,Bari,Apulia,IT,https://www.uniba.it,,14
OA-INST-I9360294,universita,University of Bologna,,,,Bologna,Emilia-Romagna,IT,https://www.unibo.it,,14
OA-INST-I79940851,universita,University of Brescia,,,,Brescia,,IT,https://www.unibs.it,,14
OA-INST-I172446870,universita,University of Cagliari,,,,Cagliari,Sardinia,IT,http://www.unica.it/,,14
OA-INST-I45204951,universita,University of Calabria,,,,Rende,,IT,https://www.unical.it,,14
OA-INST-I197809005,universita,"University of Campania ""Luigi Vanvitelli""",,,,Caserta,,IT,https://unina2.it,,14
OA-INST-I39063666,universita,University of Catania,,,,Catania,Sicily,IT,https://www.unict.it,,14
OA-INST-I39387349,universita,University of Chieti-Pescara,,,,Chieti,,IT,https://www.unich.it,,14
OA-INST-I201324441,universita,University of Ferrara,,,,Ferrara,Emilia-Romagna,IT,https://www.unife.it,,14
OA-INST-I45084792,universita,University of Florence,,,,Florence,Tuscany,IT,https://www.unifi.it,,14
OA-INST-I83816512,universita,University of Genoa,,,,Genoa,Liguria,IT,https://unige.it,,14
OA-INST-I115752224,universita,University of Insubria,,,,Varese,,IT,http://www.uninsubria.eu/,,14
OA-INST-I26415053,universita,University of L'Aquila,,,,L’Aquila,,IT,https://www.univaq.it,,14
OA-INST-I112862951,universita,University of Messina,,,,Messina,,IT,https://www.unime.it,,14
OA-INST-I189158943,universita,University of Milan,,,,Milan,,IT,https://www.unimi.it,,14
OA-INST-I66752286,universita,University of Milano-Bicocca,,,,Milan,,IT,https://www.unimib.it,,14
OA-INST-I122346577,universita,University of Modena and Reggio Emilia,,,,Modena,Emilia-Romagna,IT,https://www.unimore.it,,14
OA-INST-I71267560,universita,University of Naples Federico II,,,,Naples,Campania,IT,https://www.unina.it,,14
OA-INST-I138689650,universita,University of Padua,,,,Padua,Veneto,IT,https://www.unipd.it,,14
OA-INST-I900890020,universita,University of Palermo,,,,Palermo,,IT,https://www.unipa.it,,14
OA-INST-I124601658,universita,University of Parma,,,,Parma,,IT,https://www.unipr.it,,14
OA-INST-I25217355,universita,University of Pavia,,,,Pavia,Lombardy,IT,http://www.unipv.eu/site/en/home.html,,14
OA-INST-I27483092,universita,University of Perugia,,,,Perugia,Umbria,IT,https://www.unipg.it,,14
OA-INST-I108290504,universita,University of Pisa,,,,Pisa,Tuscany,IT,https://www.unipi.it,,14
OA-INST-I116067653,universita,University of Rome Tor Vergata,,,,Rome,Lazio,IT,https://web.uniroma2.it,,14
OA-INST-I131729948,universita,University of Salerno,,,,Fisciano,,IT,https://web.unisa.it,,14
OA-INST-I159650629,universita,University of Sassari,,,,Sassari,,IT,https://www.uniss.it,,14
OA-INST-I102064193,universita,University of Siena,,,,Siena,,IT,https://www.unisi.it,,14
OA-INST-I193223587,universita,University of Trento,,,,Trento,,IT,https://unitn.it,,14
OA-INST-I142444530,universita,University of Trieste,,,,Trieste,Friuli Venezia Giulia,IT,https://units.it,,14
OA-INST-I55143463,universita,University of Turin,,,,Turin,Piedmont,IT,https://www.unito.it,,14
OA-INST-I129043915,universita,University of Udine,,,,Udine,,IT,https://www.uniud.it,,14
OA-ORG-029741f87557e116,universita,University of Urbino,,,,,,IT,http://www.uniurb.it/it/portale/index.php?mist_id=0&lang=IT&tipo=IST&page=0,,2
OA-INST-I119439378,universita,University of Verona,,,,Verona,,IT,https://www.univr.it,,14
OA-INST-I103320735,universita,Università Cattolica del Sacro Cuore,,,,Milan,,IT,https://www.unicatt.eu,,14
OA-INST-I154387261,universita,Vita-Salute San Raffaele University,,,,Milan,,IT,https://www.unisr.it,,14
